Feature,Importance,Importance_%
travelling distance(km),0.22349391610621885,22.35
fuel price,0.16774306539238382,16.77
power_bhp,0.13606518199292766,13.61
car_age,0.12685610308938272,12.69
drop_encoded,0.09563340153809263,9.56
pickup_encoded,0.0946846861363018,9.47
engine_cc,0.08844813061145045,8.84
owner_encoded,0.03266709205926942,3.27
seats,0.01941526112784791,1.94
fuel_type_encoded,0.014993161946124878,1.5
